Subprefeitura residência;SUBPREFEITURA_QLIK;Evitáveis ou tratáveis;Qtd óbitos
Aricanduva/Formosa/Carrão;ARICANDUVA-FORMOSA-CARRAO;Evitáveis;385
Butantã;BUTANTA;Evitáveis;491
Campo Limpo;CAMPO LIMPO;Evitáveis;789
Capela do Socorro;CAPELA DO SOCORRO;Evitáveis;859
Casa Verde/Cachoeirinha;CASA VERDE-CACHOEIRINHA;Evitáveis;471
Cidade Ademar;CIDADE ADEMAR;Evitáveis;542
Cidade Tiradentes;CIDADE TIRADENTES;Evitáveis;313
Ermelino Matarazzo;ERMELINO MATARAZZO;Evitáveis;290
Freguesia/Brasilândia;FREGUESIA-BRASILANDIA;Evitáveis;639
Guaianases;GUAIANASES;Evitáveis;393
Ipiranga;IPIRANGA;Evitáveis;607
Itaim Paulista;ITAIM PAULISTA;Evitáveis;582
Itaquera;ITAQUERA;Evitáveis;786
Jabaquara;JABAQUARA;Evitáveis;278
Jaçanã/Tremembé;JACANA-TREMEMBE;Evitáveis;450
Lapa;LAPA;Evitáveis;278
M'Boi Mirim;M BOI MIRIM;Evitáveis;811
Moóca;MOOCA;Evitáveis;432
Parelheiros;PARELHEIROS;Evitáveis;249
Penha;PENHA;Evitáveis;654
Perus;PERUS;Evitáveis;215
Pinheiros;PINHEIROS;Evitáveis;201
Pirituba;PIRITUBA-JARAGUA;Evitáveis;639
Santana/Tucuruvi;SANTANA-TUCURUVI;Evitáveis;377
Santo Amaro;SANTO AMARO;Evitáveis;248
Sapopemba;SAPOPEMBA;Evitáveis;406
São Mateus;SAO MATEUS;Evitáveis;654
São Miguel;SAO MIGUEL;Evitáveis;569
Sé;SE;Evitáveis;506
Vila Maria/Vila Guilherme;VILA MARIA-VILA GUILHERME;Evitáveis;436
Vila Mariana;VILA MARIANA;Evitáveis;263
Vila Prudente;VILA PRUDENTE;Evitáveis;309
Aricanduva/Formosa/Carrão;ARICANDUVA-FORMOSA-CARRAO;Tratáveis;463
Butantã;BUTANTA;Tratáveis;503
Campo Limpo;CAMPO LIMPO;Tratáveis;831
Capela do Socorro;CAPELA DO SOCORRO;Tratáveis;934
Casa Verde/Cachoeirinha;CASA VERDE-CACHOEIRINHA;Tratáveis;575
Cidade Ademar;CIDADE ADEMAR;Tratáveis;663
Cidade Tiradentes;CIDADE TIRADENTES;Tratáveis;357
Ermelino Matarazzo;ERMELINO MATARAZZO;Tratáveis;363
Freguesia/Brasilândia;FREGUESIA-BRASILANDIA;Tratáveis;747
Guaianases;GUAIANASES;Tratáveis;493
Ipiranga;IPIRANGA;Tratáveis;690
Itaim Paulista;ITAIM PAULISTA;Tratáveis;688
Itaquera;ITAQUERA;Tratáveis;958
Jabaquara;JABAQUARA;Tratáveis;332
Jaçanã/Tremembé;JACANA-TREMEMBE;Tratáveis;528
Lapa;LAPA;Tratáveis;298
M'Boi Mirim;M BOI MIRIM;Tratáveis;796
Moóca;MOOCA;Tratáveis;578
Parelheiros;PARELHEIROS;Tratáveis;294
Penha;PENHA;Tratáveis;841
Perus;PERUS;Tratáveis;237
Pinheiros;PINHEIROS;Tratáveis;227
Pirituba;PIRITUBA-JARAGUA;Tratáveis;750
Santana/Tucuruvi;SANTANA-TUCURUVI;Tratáveis;513
Santo Amaro;SANTO AMARO;Tratáveis;296
Sapopemba;SAPOPEMBA;Tratáveis;457
São Mateus;SAO MATEUS;Tratáveis;756
São Miguel;SAO MIGUEL;Tratáveis;724
Sé;SE;Tratáveis;532
Vila Maria/Vila Guilherme;VILA MARIA-VILA GUILHERME;Tratáveis;503
Vila Mariana;VILA MARIANA;Tratáveis;304
Vila Prudente;VILA PRUDENTE;Tratáveis;387
