sub.CODIGO;sub.NOME;sg_subprefeitura;domicilios_particulares_permanentes_favela
1;PERUS;PR;14857
2;PIRITUBA-JARAGUA;PJ;26730
3;FREGUESIA-BRASILANDIA;FO;32156
4;CASA VERDE-CACHOEIRINHA;CV;11697
5;SANTANA-TUCURUVI;ST;759
6;JACANA-TREMEMBE;JT;31509
7;VILA MARIA-VILA GUILHERME;MG;9078
8;LAPA;LA;7047
9;SE;SE;731
10;BUTANTA;BT;27623
11;PINHEIROS;PI;0
12;VILA MARIANA;VM;933
13;IPIRANGA;IP;31122
14;SANTO AMARO;SA;3213
15;JABAQUARA;JA;9967
16;CIDADE ADEMAR;AD;47360
17;CAMPO LIMPO;CL;70030
18;M BOI MIRIM;MB;65301
19;CAPELA DO SOCORRO;CS;65289
20;PARELHEIROS;PA;10698
21;PENHA;PE;14445
22;ERMELINO MATARAZZO;EM;8734
23;SAO MIGUEL;MP;27012
24;ITAIM PAULISTA;IT;11274
25;MOOCA;MO;1473
26;ARICANDUVA-FORMOSA-CARRAO;AF;1834
27;ITAQUERA;IQ;20903
28;GUAIANASES;GU;13392
29;VILA PRUDENTE;VP;3751
30;SAO MATEUS;SM;43787
31;CIDADE TIRADENTES;CT;16714
32;SAPOPEMBA;SB;20342
