cd_subprefeitura;nm_subprefeitura;total_domicilios_particulares;domicilios_particulares_ocupados;domicilios_particulares_nao_ocupados
16;CIDADE ADEMAR;167686;148495;19191
25;MOOCA;181383;150289;31094
13;IPIRANGA;213697;184142;29555
08;LAPA;162783;141589;21194
15;JABAQUARA;96239;82880;13359
28;GUAIANASES;106978;94770;12208
14;SANTO AMARO;128102;110209;17893
32;SAPOPEMBA;105558;94704;10854
23;SAO MIGUEL;133575;119749;13826
06;JACANA-TREMEMBE;112875;99015;13860
04;CASA VERDE-CACHOEIRINHA;129973;113822;16151
17;CAMPO LIMPO;282358;252814;29544
24;ITAIM PAULISTA;132958;119787;13171
10;BUTANTA;203962;178454;25508
09;SE;257225;202905;54320
27;ITAQUERA;221779;195300;26479
30;SAO MATEUS;182950;158087;24863
01;PERUS;64700;56874;7826
31;CIDADE TIRADENTES;76040;67533;8507
12;VILA MARIANA;181970;151128;30842
29;VILA PRUDENTE;109906;95227;14679
11;PINHEIROS;168896;134898;33998
20;PARELHEIROS;68166;55183;12983
03;FREGUESIA-BRASILANDIA;157622;138060;19562
21;PENHA;204453;175877;28576
26;ARICANDUVA-FORMOSA-CARRAO;115757;99502;16255
05;SANTANA-TUCURUVI;147827;125151;22676
07;VILA MARIA-VILA GUILHERME;120133;104177;15956
18;M BOI MIRIM;231402;204517;26885
02;PIRITUBA-JARAGUA;200766;175623;25143
22;ERMELINO MATARAZZO;81749;72585;9164
19;CAPELA DO SOCORRO;242694;212990;29704
