﻿SUBPREFEITURAS;PROJETO_ATIVIDADE_2367;VALORES_LIQUIDADOS;VALORES_LIQUIDADOS_QGIS
ARICANDUVA-FORMOSA-CARRAO;Manutenção de Sistemas de Drenagem;R$ 31.452.831,04;31452831,04
BUTANTA;Manutenção de Sistemas de Drenagem;R$ 15.647.968,98;15647968,98
CAMPO LIMPO;Manutenção de Sistemas de Drenagem;R$ 29.891.737,37;29891737,37
CAPELA DO SOCORRO;Manutenção de Sistemas de Drenagem;R$ 11.590.151,55;11590151,55
CASA VERDE-CACHOEIRINHA;Manutenção de Sistemas de Drenagem;R$ 12.223.329,79;12223329,79
CIDADE ADEMAR;Manutenção de Sistemas de Drenagem;R$ 19.062.733,54;19062733,54
CIDADE TIRADENTES;Manutenção de Sistemas de Drenagem;R$ 11.573.948,85;11573948,85
GUAIANASES;Manutenção de Sistemas de Drenagem;R$ 17.968.499,26;17968499,26
VILA PRUDENTE;Manutenção de Sistemas de Drenagem;R$ 15.402.986,32;15402986,32
ERMELINO MATARAZZO;Manutenção de Sistemas de Drenagem;R$ 11.739.123,68;11739123,68
FREGUESIA-BRASILANDIA;Manutenção de Sistemas de Drenagem;R$ 11.818.559,43;11818559,43
IPIRANGA;Manutenção de Sistemas de Drenagem;R$ 10.277.187,80;10277187,80
ITAIM PAULISTA;Manutenção de Sistemas de Drenagem;R$ 11.658.056,93;11658056,93
ITAQUERA;Manutenção de Sistemas de Drenagem;R$ 17.430.058,29;17430058,29
JABAQUARA;Manutenção de Sistemas de Drenagem;R$ 9.634.240,62;9634240,62
JACANA-TREMEMBE;Manutenção de Sistemas de Drenagem;R$ 10.253.875,88;10253875,88
LAPA;Manutenção de Sistemas de Drenagem;R$ 8.930.822,75;8930822,75
M BOI MIRIM;Manutenção de Sistemas de Drenagem;R$ 10.973.238,75;10973238,75
MOOCA;Manutenção de Sistemas de Drenagem;R$ 11.466.242,12;11466242,12
PARELHEIROS;Manutenção de Sistemas de Drenagem;R$ 11.547.315,26;11547315,26
PENHA;Manutenção de Sistemas de Drenagem;R$ 16.998.256,52;16998256,52
PERUS-ANHANGUERA;Manutenção de Sistemas de Drenagem;R$ 7.927.874,60;7927874,60
PINHEIROS;Manutenção de Sistemas de Drenagem;R$ 18.470.255,57;18470255,57
PIRITUBA-JARAGUA;Manutenção de Sistemas de Drenagem;R$ 15.534.048,24;15534048,24
SANTANA-TUCURUVI;Manutenção de Sistemas de Drenagem;R$ 8.987.597,74;8987597,74
SANTO AMARO;Manutenção de Sistemas de Drenagem;R$ 16.805.154,24;16805154,24
SAO MATEUS;Manutenção de Sistemas de Drenagem;R$ 44.747.096,89;44747096,89
SAO MIGUEL;Manutenção de Sistemas de Drenagem;R$ 25.090.273,81;25090273,81
SAPOPEMBA;Manutenção de Sistemas de Drenagem;R$ 17.817.139,30;17817139,30
SE;Manutenção de Sistemas de Drenagem;R$ 57.984.844,30;57984844,30
VILA MARIA-VILA GUILHERME;Manutenção de Sistemas de Drenagem;R$ 10.414.459,26;10414459,26
VILA MARIANA;Manutenção de Sistemas de Drenagem;R$ 12.450.387,56;12450387,56
VALOR TOTAL;Manutenção de Sistemas de Drenagem;R$ 543.770.296,24;
