sub.NOME;pop_0_74
ARICANDUVA-FORMOSA-CARRAO;246187
BUTANTA;445076
CAMPO LIMPO;656942
CAPELA DO SOCORRO;578530
CASA VERDE-CACHOEIRINHA;287214
CIDADE ADEMAR;392976
CIDADE TIRADENTES;183733
ERMELINO MATARAZZO;190095
FREGUESIA-BRASILANDIA;354906
GUAIANASES;262421
IPIRANGA;452665
ITAIM PAULISTA;325591
ITAQUERA;527991
JABAQUARA;200280
JACANA-TREMEMBE;267862
LAPA;316636
M BOI MIRIM;547140
MOOCA;353636
PARELHEIROS;162186
PENHA;441725
PERUS;159688
PINHEIROS;257490
PIRITUBA-JARAGUA;462448
SANTANA-TUCURUVI;293552
SANTO AMARO;255726
SAO MATEUS;437808
SAO MIGUEL;324105
SAPOPEMBA;249882
SE;391170
VILA MARIA-VILA GUILHERME;254413
VILA MARIANA;306176
VILA PRUDENTE;226188
